customer_id,age,avg_service_interval_days,total_services,monthly_spend_inr,customer_tenure_days,tenure_months,days_since_last_service,days_since_churn,gender_encoded,vehicle_type_encoded,churned
CUST00001,31,140,5,3596.94,663,22,20,8.0,1,0,1
CUST00002,35,53,30,961.55,1590,53,21,,0,1,0
CUST00003,43,58,33,958.91,1867,62,28,6.0,0,1,1
CUST00004,38,119,1,1654.97,119,3,114,52.0,1,1,1
CUST00005,27,94,3,2049.92,220,7,15,,1,1,0
CUST00006,50,133,6,1061.29,798,26,123,,1,1,0
CUST00007,40,121,6,1814.64,726,24,46,,1,1,0
CUST00008,36,163,11,1283.1,1793,59,70,,0,1,0
CUST00009,42,164,11,1829.28,1804,60,127,,1,1,0
CUST00010,56,86,19,3773.28,1547,51,12,,0,0,0
CUST00011,35,45,26,1562.12,1094,36,13,,1,1,0
CUST00012,25,164,11,2766.24,1804,60,31,,0,0,0
CUST00013,27,140,7,1772.47,980,32,43,,0,1,0
CUST00014,44,37,36,1700.81,1265,42,1,8.0,1,1,1
CUST00015,37,74,19,1664.17,1406,46,184,142.0,1,1,1
CUST00016,44,127,3,1578.27,381,12,194,126.0,1,1,1
CUST00017,31,108,6,1148.49,648,21,15,11.0,1,1,1
CUST00018,34,33,39,3933.19,1287,42,29,,1,0,0
CUST00019,45,119,10,1859.26,1015,33,11,,1,1,0
CUST00020,60,172,4,3069.83,688,22,81,12.0,1,0,1
CUST00021,64,61,9,4025.72,549,18,56,,1,0,0
CUST00022,45,88,14,1552.67,1232,41,99,,1,1,0
CUST00023,51,119,11,1551.65,1309,43,124,,1,1,0
CUST00024,29,55,1,3429.46,55,1,22,,1,0,0
CUST00025,35,54,5,1468.8,270,9,22,,1,1,0
CUST00026,26,40,3,2048.36,58,1,13,,0,1,0
CUST00027,36,133,11,3913.23,1385,46,15,,1,0,0
CUST00028,42,81,8,1904.74,648,21,4,,1,1,0
CUST00029,45,131,1,3573.83,131,4,141,110.0,1,0,1
CUST00030,40,76,7,3855.67,532,17,178,,1,0,0
CUST00031,41,55,15,1166.27,825,27,68,,1,1,0
CUST00032,26,83,14,1733.38,1058,35,1,6.0,1,1,1
CUST00033,33,44,34,1438.6,1496,49,17,,1,1,0
CUST00034,34,75,14,676.08,1050,35,82,,0,1,0
CUST00035,26,163,9,865.56,1406,46,18,,0,1,0
CUST00036,28,107,2,3234.81,214,7,165,125.0,0,0,1
CUST00037,27,75,1,1666.06,75,2,34,22.0,1,1,1
CUST00038,42,35,27,1235.17,945,31,33,,1,1,0
CUST00039,48,122,10,3263.55,1103,36,12,,1,0,0
CUST00040,37,104,12,3805.3,1248,41,22,,1,0,0
CUST00041,50,106,1,3278.0,106,3,102,,1,0,0
CUST00042,49,99,6,2032.32,594,19,15,11.0,1,1,1
CUST00043,58,45,34,3966.05,1530,51,34,26.0,1,0,1
CUST00044,54,93,10,1508.75,751,25,27,,0,1,0
CUST00045,37,119,5,1801.38,595,19,234,,1,1,0
CUST00046,61,130,4,1746.9,520,17,69,,1,1,0
CUST00047,58,118,7,3401.73,826,27,104,5.0,1,0,1
CUST00048,36,46,33,1844.65,1479,49,11,,1,1,0
CUST00049,33,72,15,1903.56,1080,36,21,,1,1,0
CUST00050,50,37,44,1119.03,1628,54,21,,1,1,0
CUST00051,43,170,12,1561.42,1985,66,4,,0,1,0
CUST00052,54,123,3,3557.0,312,10,1,8.0,0,0,1
CUST00053,63,68,7,3839.85,459,15,12,,0,0,0
CUST00054,64,166,12,3322.46,1925,64,5,,0,0,0
CUST00055,53,103,6,1260.9,618,20,74,,1,1,0
CUST00056,22,133,15,1567.6,1942,64,2,,0,1,0
CUST00057,56,84,1,1972.54,84,2,112,,1,1,0
CUST00058,62,130,5,1020.25,650,21,14,,1,1,0
CUST00059,59,150,6,1090.08,900,30,2,,1,1,0
CUST00060,45,39,50,3291.8,1950,65,47,,1,0,0
CUST00061,42,38,43,1362.97,1634,54,24,,1,1,0
CUST00062,63,118,12,793.77,1355,45,29,,1,1,0
CUST00063,58,100,1,2099.28,100,3,5,1.0,0,1,1
CUST00064,34,146,7,1447.88,1022,34,296,63.0,1,1,1
CUST00065,23,123,14,1387.96,1722,57,232,231.0,1,1,1
CUST00066,48,47,9,4149.06,365,12,13,,1,0,0
CUST00067,41,145,5,3787.12,643,21,18,,1,0,0
CUST00068,44,97,2,3285.83,194,6,272,199.0,0,0,1
CUST00069,32,143,13,1565.84,1859,61,40,,1,1,0
CUST00070,37,162,12,1483.31,1873,62,26,,0,1,0
CUST00071,52,174,3,2079.34,522,17,74,38.0,0,1,1
CUST00072,35,97,4,1433.03,388,12,90,59.0,1,1,1
CUST00073,64,168,5,2923.18,840,28,422,,1,0,0
CUST00074,61,105,16,749.11,1479,49,26,,0,1,0
CUST00075,63,144,5,2090.06,720,24,193,,0,1,0
CUST00076,21,76,22,1184.55,1672,55,175,,0,1,0
CUST00077,54,100,7,1768.08,700,23,116,102.0,0,1,1
CUST00078,61,161,4,3528.71,454,15,23,,1,0,0
CUST00079,53,135,6,1333.34,810,27,80,,1,1,0
CUST00080,49,138,3,1396.06,295,9,29,,1,1,0
CUST00081,32,165,3,2133.35,495,16,249,146.0,0,1,1
CUST00082,32,132,8,920.77,1056,35,208,,1,1,0
CUST00083,37,75,1,3345.42,32,1,24,,1,0,0
CUST00084,51,56,8,3862.63,448,14,44,,1,0,0
CUST00085,51,69,4,2986.74,276,9,111,,1,0,0
CUST00086,54,33,45,4026.91,1445,48,3,,1,0,0
CUST00087,58,63,4,1856.9,225,7,24,,0,1,0
CUST00088,48,145,2,3608.72,253,8,23,,1,0,0
CUST00089,48,138,1,1298.74,124,4,5,,0,1,0
CUST00090,63,86,11,935.37,946,31,266,,1,1,0
CUST00091,35,167,3,3782.82,501,16,162,63.0,1,0,1
CUST00092,63,114,16,2599.46,1824,60,160,14.0,0,1,1
CUST00093,29,90,8,3558.36,684,22,22,,0,0,0
CUST00094,49,76,7,769.58,532,17,54,,1,1,0
CUST00095,44,105,14,3683.01,1470,49,15,,0,0,0
CUST00096,58,170,4,3844.11,680,22,215,,1,0,0
CUST00097,39,116,17,3132.86,1907,63,5,,1,0,0
CUST00098,24,54,24,3241.8,1272,42,16,,1,0,0
CUST00099,20,155,7,3201.05,1085,36,259,,1,0,0
CUST00100,49,51,29,1287.45,1479,49,61,,1,1,0
CUST00101,22,83,19,1431.13,1483,49,27,,1,1,0
CUST00102,64,60,15,1155.64,885,29,10,,1,1,0
CUST00103,33,61,20,3005.66,1199,39,9,,1,0,0
CUST00104,49,168,1,1569.75,168,5,246,,1,1,0
CUST00105,23,39,13,3426.94,507,16,117,,0,0,0
CUST00106,37,77,1,1325.5,77,2,18,15.0,1,1,1
CUST00107,56,140,11,1533.28,1514,50,6,,1,1,0
CUST00108,44,94,21,2891.93,1891,63,25,,0,0,0
CUST00109,20,80,25,1605.28,2000,66,3,,1,1,0
CUST00110,34,117,1,1333.72,51,1,2,1.0,1,1,1
CUST00111,28,133,10,1595.8,1330,44,70,,1,1,0
CUST00112,34,151,12,3659.86,1812,60,113,,1,0,0
CUST00113,43,155,1,3952.46,155,5,0,,0,0,0
CUST00114,23,102,9,1541.18,918,30,18,,0,1,0
CUST00115,31,170,1,1926.69,28,0,21,,1,1,0
CUST00116,56,32,34,1371.23,1088,36,53,,0,1,0
CUST00117,56,110,5,3390.33,518,17,15,,0,0,0
CUST00118,62,138,10,3463.63,1231,41,23,,1,0,0
CUST00119,25,94,12,1809.65,1128,37,31,30.0,0,1,1
CUST00120,58,129,8,1752.38,1032,34,339,255.0,1,1,1
CUST00121,43,61,1,1554.03,17,0,17,7.0,0,1,1
CUST00122,30,112,3,3008.91,336,11,65,,0,0,0
CUST00123,32,72,22,3745.22,1584,52,113,,1,0,0
CUST00124,53,88,10,1155.44,880,29,72,,1,1,0
CUST00125,44,112,16,1133.64,1792,59,31,28.0,1,1,1
CUST00126,26,112,19,1044.61,1920,64,21,11.0,1,1,1
CUST00127,23,56,18,3466.73,1008,33,107,,0,0,0
CUST00128,27,93,10,1984.69,930,31,40,,0,1,0
CUST00129,39,176,10,3113.86,1760,58,177,,1,0,0
CUST00130,48,118,9,4171.43,1062,35,110,,1,0,0
CUST00131,64,177,4,1863.92,688,22,2,,1,1,0
CUST00132,29,149,12,914.16,1689,56,22,4.0,1,1,1
CUST00133,62,144,4,1346.89,576,19,240,,1,1,0
CUST00134,53,148,1,3083.9,148,4,48,36.0,1,0,1
CUST00135,45,143,2,3765.98,286,9,82,23.0,0,0,1
CUST00136,60,155,11,3104.73,1705,56,238,,1,0,0
CUST00137,22,82,23,851.55,1886,62,103,20.0,1,1,1
CUST00138,25,174,1,1369.71,65,2,6,,0,1,0
CUST00139,24,126,3,3967.76,345,11,5,1.0,1,0,1
CUST00140,24,147,10,3422.99,1470,49,95,,0,0,0
CUST00141,42,149,2,1659.38,298,9,148,142.0,0,1,1
CUST00142,28,141,7,3674.89,924,30,9,6.0,1,0,1
CUST00143,54,48,13,2895.09,624,20,71,,1,0,0
CUST00144,39,76,23,1140.25,1748,58,2,,1,1,0
CUST00145,61,62,3,3502.59,141,4,15,,1,0,0
CUST00146,54,43,9,3277.06,332,11,23,8.0,1,0,1
CUST00147,37,176,8,4181.78,1408,46,45,,1,0,0
CUST00148,36,177,12,1008.67,1903,63,29,,1,1,0
CUST00149,43,53,29,1136.3,1537,51,69,,1,1,0
CUST00150,22,86,18,3616.22,1548,51,182,,1,0,0
CUST00151,51,165,1,1248.84,165,5,63,,0,1,0
CUST00152,54,46,18,343.27,828,27,70,,1,1,0
CUST00153,57,95,8,2273.87,644,21,26,,1,1,0
CUST00154,32,100,6,1070.28,600,20,161,43.0,1,1,1
CUST00155,44,160,3,3724.36,480,16,34,,0,0,0
CUST00156,28,31,48,2998.64,1488,49,48,,1,0,0
CUST00157,23,153,9,1154.79,1122,37,26,14.0,1,1,1
CUST00158,33,68,16,850.83,1060,35,27,,0,1,0
CUST00159,56,49,21,1203.52,1029,34,44,,1,1,0
CUST00160,53,137,5,3242.29,685,22,171,,0,0,0
CUST00161,30,176,11,3446.97,1793,59,21,,1,0,0
CUST00162,60,63,22,1350.97,1299,43,22,,1,1,0
CUST00163,22,96,1,2923.39,41,1,9,8.0,1,0,1
CUST00164,47,125,2,3290.44,250,8,268,61.0,1,0,1
CUST00165,48,77,9,4078.8,693,23,0,7.0,1,0,1
CUST00166,28,88,22,4031.36,1691,56,28,,0,0,0
CUST00167,22,31,14,1682.27,434,14,10,4.0,1,1,1
CUST00168,44,51,4,3765.24,186,6,4,,1,0,0
CUST00169,53,127,1,2324.33,127,4,135,88.0,1,1,1
CUST00170,31,142,1,3728.5,142,4,137,75.0,1,0,1
CUST00171,61,74,14,3757.68,1036,34,144,,1,0,0
CUST00172,28,112,16,2874.17,1792,59,41,,1,0,0
CUST00173,34,158,5,3054.95,761,25,14,,1,0,0
CUST00174,59,135,10,1486.92,1350,45,163,,1,1,0
CUST00175,44,61,20,1177.02,1179,39,10,,1,1,0
CUST00176,24,143,9,3100.82,1287,42,262,,1,0,0
CUST00177,30,56,6,3147.02,336,11,65,7.0,1,0,1
CUST00178,53,114,10,930.57,1140,38,80,,1,1,0
CUST00179,43,156,10,1183.45,1523,50,4,2.0,0,1,1
CUST00180,34,122,9,1635.77,1098,36,66,,1,1,0
CUST00181,57,152,9,4218.53,1120,37,25,,1,0,0
CUST00182,27,70,24,3818.79,1622,54,10,,1,0,0
CUST00183,24,68,20,1754.46,1360,45,21,,0,1,0
CUST00184,45,76,5,850.59,380,12,89,,0,1,0
CUST00185,37,92,10,3547.72,920,30,121,,1,0,0
CUST00186,25,91,16,3473.22,1456,48,175,,1,0,0
CUST00187,56,87,24,1616.3,1964,65,16,,0,1,0
CUST00188,32,167,2,1355.73,138,4,18,,1,1,0
CUST00189,47,67,11,2164.83,737,24,66,7.0,1,1,1
CUST00190,24,92,1,1521.11,92,3,135,55.0,1,1,1
CUST00191,32,106,14,1560.09,1484,49,153,63.0,1,1,1
CUST00192,36,131,2,2715.02,179,5,1,,0,0,0
CUST00193,59,149,9,3457.33,1341,44,115,,0,0,0
CUST00194,64,163,12,3959.7,1791,59,11,,1,0,0
CUST00195,51,118,16,3722.23,1801,60,1,6.0,1,0,1
CUST00196,48,66,19,637.76,1254,41,70,68.0,1,1,1
CUST00197,22,166,6,1320.13,874,29,27,4.0,0,1,1
CUST00198,59,143,11,2192.76,1573,52,46,,0,1,0
CUST00199,53,136,1,1439.74,136,4,48,,0,1,0
CUST00200,59,168,8,3628.97,1198,39,26,13.0,0,0,1
CUST00201,46,33,25,4147.6,825,27,80,,1,0,0
CUST00202,32,136,6,1438.15,620,20,22,17.0,1,1,1
CUST00203,64,117,3,1816.41,351,11,68,,1,1,0
CUST00204,52,150,5,3664.56,665,22,1,1.0,0,0,1
CUST00205,25,131,13,1750.06,1703,56,81,,1,1,0
CUST00206,43,162,7,1651.69,1134,37,156,20.0,1,1,1
CUST00207,38,121,3,3280.95,264,8,13,12.0,1,0,1
CUST00208,35,76,21,3320.88,1596,53,6,3.0,1,0,1
CUST00209,59,113,14,1158.17,1494,49,1,1.0,1,1,1
CUST00210,47,169,5,844.12,845,28,132,,1,1,0
CUST00211,52,56,36,3997.81,1863,62,21,,1,0,0
CUST00212,60,90,8,1504.03,671,22,26,,1,1,0
CUST00213,32,81,1,1977.66,81,2,41,,1,1,0
CUST00214,62,75,8,4126.15,600,20,39,32.0,1,0,1
CUST00215,64,61,19,1521.37,1159,38,2,,0,1,0
CUST00216,44,139,3,2974.6,324,10,10,9.0,1,0,1
CUST00217,61,135,1,1421.52,135,4,217,158.0,1,1,1
CUST00218,55,142,2,3231.54,284,9,128,44.0,0,0,1
CUST00219,46,90,2,707.94,142,4,3,1.0,1,1,1
CUST00220,57,68,1,1299.31,37,1,22,,0,1,0
CUST00221,26,147,3,1471.39,441,14,76,75.0,1,1,1
CUST00222,24,105,17,1242.67,1744,58,23,,1,1,0
CUST00223,62,86,2,3191.38,172,5,283,214.0,1,0,1
CUST00224,64,75,1,2988.99,75,2,140,102.0,1,0,1
CUST00225,50,145,5,1578.37,725,24,106,,1,1,0
CUST00226,42,174,7,2247.71,1218,40,83,,1,1,0
CUST00227,61,133,9,4011.45,1197,39,112,,0,0,0
CUST00228,29,137,3,3761.45,315,10,18,10.0,1,0,1
CUST00229,51,123,1,1770.16,123,4,54,,0,1,0
CUST00230,62,167,1,1446.94,82,2,15,,1,1,0
CUST00231,49,144,3,778.19,432,14,33,17.0,0,1,1
CUST00232,58,57,24,3352.23,1368,45,97,,1,0,0
CUST00233,50,40,1,1112.29,40,1,25,,1,1,0
CUST00234,37,172,7,3561.88,1204,40,176,,1,0,0
CUST00235,55,155,12,1993.29,1829,60,29,,1,1,0
CUST00236,21,166,4,4289.36,664,22,83,,0,0,0
CUST00237,33,62,26,1525.85,1536,51,10,,1,1,0
CUST00238,32,127,6,833.14,762,25,393,381.0,1,1,1
CUST00239,48,170,5,1525.07,850,28,90,,1,1,0
CUST00240,31,77,22,3535.94,1694,56,0,,1,0,0
CUST00241,58,93,15,1771.54,1395,46,41,35.0,0,1,1
CUST00242,21,117,6,1492.32,702,23,22,13.0,0,1,1
CUST00243,51,55,7,1526.61,385,12,95,,0,1,0
CUST00244,32,55,1,1247.18,55,1,33,20.0,1,1,1
CUST00245,46,78,13,3375.24,971,32,7,,1,0,0
CUST00246,60,82,24,3705.29,1968,65,14,,0,0,0
CUST00247,36,91,7,2696.61,403,13,21,,1,0,0
CUST00248,59,55,1,1373.08,55,1,15,6.0,0,1,1
CUST00249,50,153,11,3775.16,1683,56,47,,0,0,0
CUST00250,53,102,1,2156.29,102,3,6,,0,1,0
CUST00251,43,149,9,1340.67,1341,44,146,,1,1,0
CUST00252,64,115,2,1974.15,64,2,16,,1,1,0
CUST00253,54,137,13,2176.01,1690,56,14,,0,1,0
CUST00254,25,112,1,3345.85,112,3,165,,1,0,0
CUST00255,38,176,8,3276.72,1408,46,282,,1,0,0
CUST00256,49,59,7,3427.17,413,13,41,,1,0,0
CUST00257,26,86,8,1467.22,688,22,44,,0,1,0
CUST00258,29,133,12,1936.33,1547,51,4,2.0,1,1,1
CUST00259,60,108,3,1190.51,324,10,50,,1,1,0
CUST00260,51,111,9,2115.23,999,33,172,,1,1,0
CUST00261,53,95,16,1179.7,1520,50,2,,1,1,0
CUST00262,47,49,10,994.23,490,16,43,,0,1,0
CUST00263,34,152,13,1709.51,1976,65,15,1.0,1,1,1
CUST00264,49,32,5,1992.22,160,5,38,,1,1,0
CUST00265,56,93,2,3571.46,56,1,4,1.0,0,0,1
CUST00266,48,89,12,3674.03,1038,34,20,,0,0,0
CUST00267,41,104,12,4281.72,1143,38,27,,1,0,0
CUST00268,23,159,9,3997.86,1374,45,17,8.0,0,0,1
CUST00269,39,166,11,1512.37,1826,60,87,69.0,1,1,1
CUST00270,51,165,2,3327.54,181,6,9,,1,0,0
CUST00271,55,87,11,3938.02,957,31,19,,0,0,0
CUST00272,23,68,26,1831.71,1768,58,10,,0,1,0
CUST00273,46,87,2,1667.43,174,5,24,,0,1,0
CUST00274,36,88,13,3369.19,1144,38,135,,0,0,0
CUST00275,31,100,14,1469.44,1400,46,182,52.0,1,1,1
CUST00276,41,163,10,1440.99,1526,50,29,,1,1,0
CUST00277,36,174,3,1375.85,421,14,21,6.0,0,1,1
CUST00278,29,93,1,1259.54,93,3,201,92.0,1,1,1
CUST00279,20,119,15,1606.08,1785,59,53,25.0,0,1,1
CUST00280,41,91,19,1241.47,1676,55,10,,0,1,0
CUST00281,45,105,12,1570.95,1058,35,22,,0,1,0
CUST00282,37,45,25,660.05,1125,37,27,,1,1,0
CUST00283,33,37,18,3260.05,666,22,70,,1,0,0
CUST00284,48,159,11,1939.33,1682,56,12,,1,1,0
CUST00285,31,167,7,1139.83,1169,38,387,,1,1,0
CUST00286,55,110,11,1736.84,1210,40,63,,1,1,0
CUST00287,54,31,63,3173.09,1953,65,18,13.0,1,0,1
CUST00288,31,52,24,1810.31,1248,41,71,,1,1,0
CUST00289,26,175,5,1381.16,875,29,60,,1,1,0
CUST00290,48,91,17,3365.34,1547,51,16,,1,0,0
CUST00291,30,67,11,3521.74,624,20,3,,1,0,0
CUST00292,52,90,8,962.63,720,24,11,,1,1,0
CUST00293,25,158,5,3888.84,668,22,21,,0,0,0
CUST00294,34,151,4,2021.37,604,20,46,,1,1,0
CUST00295,51,139,9,1355.99,1251,41,13,,1,1,0
CUST00296,30,51,31,1709.68,1581,52,112,,1,1,0
CUST00297,42,103,17,1811.56,1682,56,4,,0,1,0
CUST00298,45,52,27,3463.5,1354,45,23,,1,0,0
CUST00299,53,99,4,1056.7,396,13,24,7.0,1,1,1
CUST00300,53,113,9,2137.63,1017,33,31,,1,1,0
CUST00301,48,57,30,3342.99,1710,57,28,,1,0,0
CUST00302,23,51,18,3256.35,918,30,99,,1,0,0
CUST00303,36,99,9,2155.52,821,27,15,,1,1,0
CUST00304,54,34,42,3744.02,1428,47,23,,1,0,0
CUST00305,32,89,13,1602.97,1157,38,73,,0,1,0
CUST00306,60,163,9,3111.7,1467,48,159,,0,0,0
CUST00307,58,85,14,3821.12,1158,38,29,26.0,1,0,1
CUST00308,34,133,13,4658.61,1729,57,248,,1,0,0
CUST00309,48,106,18,1852.2,1908,63,33,,0,1,0
CUST00310,48,104,9,1698.44,905,30,1,,1,1,0
CUST00311,30,154,1,1788.44,86,2,10,,1,1,0
CUST00312,51,138,7,1368.75,897,29,27,,1,1,0
CUST00313,21,124,14,1364.94,1736,57,46,44.0,1,1,1
CUST00314,33,142,7,3359.82,994,33,133,,0,0,0
CUST00315,39,64,16,1270.02,1024,34,20,,0,1,0
CUST00316,41,77,6,1359.02,462,15,71,,1,1,0
CUST00317,30,64,20,3357.16,1280,42,40,,1,0,0
CUST00318,46,129,9,1402.13,1081,36,23,,1,1,0
CUST00319,22,128,14,3390.93,1792,59,73,,1,0,0
CUST00320,36,154,10,1597.2,1540,51,25,10.0,1,1,1
CUST00321,63,167,1,1531.52,167,5,187,137.0,1,1,1
CUST00322,47,58,18,1566.94,1044,34,61,,0,1,0
CUST00323,48,156,1,2108.92,70,2,29,2.0,1,1,1
CUST00324,40,49,9,3530.69,387,12,16,,1,0,0
CUST00325,35,116,3,2384.36,280,9,27,,0,1,0
CUST00326,56,162,7,1641.08,1134,37,447,,0,1,0
CUST00327,39,80,12,1321.1,960,32,84,,1,1,0
CUST00328,25,142,4,2039.83,568,18,530,321.0,1,1,1
CUST00329,38,43,31,3468.19,1333,44,3,,1,0,0
CUST00330,24,175,10,542.53,1750,58,183,157.0,1,1,1
CUST00331,22,84,17,3498.4,1428,47,51,,1,0,0
CUST00332,20,116,13,3400.33,1453,48,9,,0,0,0
CUST00333,57,88,12,2142.62,999,33,10,,1,1,0
CUST00334,34,179,6,3140.97,885,29,19,,1,0,0
CUST00335,53,94,5,1366.94,397,13,15,,1,1,0
CUST00336,54,133,7,2007.06,744,24,12,4.0,1,1,1
CUST00337,44,179,6,1657.76,868,28,29,11.0,0,1,1
CUST00338,43,171,7,3431.42,1197,39,171,,0,0,0
CUST00339,31,177,1,3197.41,177,5,105,,1,0,0
CUST00340,37,69,14,1640.7,966,32,134,,1,1,0
CUST00341,34,147,7,3488.28,956,31,28,,1,0,0
CUST00342,63,119,4,1192.87,476,15,56,,1,1,0
CUST00343,35,123,6,1213.66,705,23,17,,1,1,0
CUST00344,46,95,18,1174.21,1653,55,4,,1,1,0
CUST00345,27,55,16,3102.98,880,29,51,10.0,1,0,1
CUST00346,44,72,4,3873.61,288,9,5,,1,0,0
CUST00347,36,179,9,1819.76,1611,53,150,,1,1,0
CUST00348,48,157,9,1874.27,1413,47,52,16.0,1,1,1
CUST00349,27,113,3,1501.8,339,11,197,152.0,1,1,1
CUST00350,34,74,15,1402.95,1110,37,3,,1,1,0
CUST00351,46,117,16,1410.25,1872,62,90,54.0,1,1,1
CUST00352,26,148,2,3908.44,296,9,165,,0,0,0
CUST00353,22,86,3,771.94,146,4,14,,1,1,0
CUST00354,48,49,17,1294.21,833,27,34,32.0,1,1,1
CUST00355,63,153,5,1145.06,765,25,8,,1,1,0
CUST00356,43,123,7,4043.96,861,28,56,,1,0,0
CUST00357,22,176,8,3309.02,1164,38,7,,1,0,0
CUST00358,39,137,2,845.6,274,9,12,1.0,1,1,1
CUST00359,34,87,5,3589.37,435,14,90,,0,0,0
CUST00360,44,131,1,1351.95,59,1,24,21.0,1,1,1
CUST00361,49,167,6,1277.23,1002,33,74,24.0,1,1,1
CUST00362,33,113,11,1235.99,1243,41,92,,1,1,0
CUST00363,26,160,9,1220.21,1440,48,77,,1,1,0
CUST00364,36,165,10,1783.42,1650,55,228,33.0,1,1,1
CUST00365,63,122,11,3589.51,1342,44,79,,0,0,0
CUST00366,39,68,28,3420.81,1904,63,24,,1,0,0
CUST00367,55,57,15,3060.7,829,27,4,,0,0,0
CUST00368,28,130,5,1432.44,650,21,201,64.0,0,1,1
CUST00369,57,55,30,1604.25,1650,55,22,,1,1,0
CUST00370,41,156,12,3619.46,1872,62,35,,1,0,0
CUST00371,21,117,4,1564.35,468,15,262,208.0,1,1,1
CUST00372,43,75,13,1130.96,975,32,64,,1,1,0
CUST00373,27,125,6,538.73,750,25,121,6.0,1,1,1
CUST00374,30,39,4,4219.85,156,5,83,,1,0,0
CUST00375,32,157,9,976.15,1413,47,16,12.0,1,1,1
CUST00376,36,141,10,714.02,1410,47,244,189.0,1,1,1
CUST00377,27,89,7,3552.21,623,20,121,,0,0,0
CUST00378,40,86,11,816.59,946,31,78,,1,1,0
CUST00379,37,135,1,1178.08,53,1,22,,0,1,0
CUST00380,49,170,8,1719.54,1360,45,258,237.0,1,1,1
CUST00381,37,118,8,2209.07,722,24,8,,1,1,0
CUST00382,50,174,3,3655.0,468,15,15,,1,0,0
CUST00383,57,135,7,1324.34,890,29,7,4.0,1,1,1
CUST00384,51,42,15,1479.43,630,21,92,,0,1,0
CUST00385,30,110,10,2776.57,1086,36,13,,0,0,0
CUST00386,64,105,1,3319.7,105,3,15,,0,0,0
CUST00387,44,67,15,3320.09,1005,33,57,,1,0,0
CUST00388,52,77,18,1561.33,1342,44,18,,1,1,0
CUST00389,57,173,5,2276.88,865,28,209,52.0,0,1,1
CUST00390,60,118,14,2725.28,1652,55,329,208.0,0,0,1
CUST00391,27,91,18,3336.93,1638,54,70,,0,0,0
CUST00392,30,106,18,766.6,1800,60,25,,1,1,0
CUST00393,41,119,8,1298.65,952,31,135,3.0,1,1,1
CUST00394,43,68,10,1154.16,650,21,8,,0,1,0
CUST00395,60,54,9,2902.26,486,16,76,,1,0,0
CUST00396,36,149,10,1865.24,1361,45,28,,0,1,0
CUST00397,31,82,8,1602.26,656,21,117,,0,1,0
CUST00398,51,179,1,1818.34,179,5,59,,1,1,0
CUST00399,34,125,5,3287.34,625,20,239,9.0,0,0,1
CUST00400,35,61,13,3471.71,793,26,17,,0,0,0
CUST00401,41,128,6,2137.86,650,21,29,,1,1,0
CUST00402,47,98,16,3498.91,1568,52,137,,0,0,0
CUST00403,39,81,18,3823.18,1458,48,102,,1,0,0
CUST00404,52,113,14,1253.02,1582,52,21,19.0,0,1,1
CUST00405,29,156,10,1786.41,1560,52,56,,1,1,0
CUST00406,59,49,37,1280.43,1813,60,19,,0,1,0
CUST00407,51,110,16,2741.43,1760,58,105,,1,0,0
CUST00408,52,172,6,1496.97,1032,34,374,,1,1,0
CUST00409,21,46,6,3311.88,276,9,90,,0,0,0
CUST00410,52,138,1,2850.09,138,4,160,49.0,1,0,1
CUST00411,52,52,14,1576.6,728,24,81,76.0,1,1,1
CUST00412,60,140,1,3142.59,140,4,54,9.0,0,0,1
CUST00413,32,42,26,2737.06,1092,36,121,,0,1,0
CUST00414,49,45,1,914.22,45,1,25,10.0,1,1,1
CUST00415,52,148,1,3014.83,148,4,263,,1,0,0
CUST00416,32,174,1,3847.82,140,4,7,,1,0,0
CUST00417,45,42,10,1446.79,420,14,31,,1,1,0
CUST00418,41,123,9,3839.68,989,32,18,3.0,1,0,1
CUST00419,58,42,36,3652.16,1457,48,16,,1,0,0
CUST00420,21,84,9,1267.08,720,24,17,,0,1,0
CUST00421,57,145,12,2948.36,1740,58,166,,0,0,0
CUST00422,58,137,4,1928.43,252,8,21,17.0,0,1,1
CUST00423,45,157,11,984.62,1727,57,111,11.0,1,1,1
CUST00424,34,81,20,1723.56,1620,54,86,80.0,1,1,1
CUST00425,53,166,4,3867.6,664,22,63,12.0,1,0,1
CUST00426,61,104,3,3449.23,312,10,42,18.0,1,0,1
CUST00427,63,127,5,1378.34,635,21,138,,1,1,0
CUST00428,59,169,8,1106.51,1352,45,309,32.0,0,1,1
CUST00429,30,165,4,3685.1,660,22,162,,1,0,0
CUST00430,22,94,2,300.0,188,6,97,68.0,1,1,1
CUST00431,25,136,7,3786.29,952,31,70,,1,0,0
CUST00432,28,168,12,3547.79,1946,64,7,,0,0,0
CUST00433,25,124,5,1410.87,620,20,186,,1,1,0
CUST00434,28,114,6,3596.92,607,20,8,7.0,1,0,1
CUST00435,58,85,10,950.58,850,28,96,,1,1,0
CUST00436,50,83,19,2534.8,1577,52,72,,0,0,0
CUST00437,51,144,4,3687.43,576,19,118,20.0,1,0,1
CUST00438,60,144,2,4026.62,288,9,31,,0,0,0
CUST00439,31,92,21,804.24,1932,64,48,,0,1,0
CUST00440,27,46,7,3079.01,322,10,19,,1,0,0
CUST00441,27,35,19,1800.93,665,22,68,33.0,1,1,1
CUST00442,47,67,6,1643.56,341,11,23,10.0,0,1,1
CUST00443,39,66,13,2685.24,858,28,41,,1,1,0
CUST00444,26,72,16,1930.26,1152,38,28,,1,1,0
CUST00445,30,87,7,1834.17,445,14,17,,0,1,0
CUST00446,39,134,12,3194.48,1608,53,139,,0,0,0
CUST00447,35,112,4,3709.92,448,14,192,122.0,0,0,1
CUST00448,23,133,1,2098.17,133,4,242,,0,1,0
CUST00449,25,57,20,3434.24,1140,38,87,,1,0,0
CUST00450,41,69,20,1453.11,1380,46,120,87.0,1,1,1
CUST00451,45,126,4,3556.54,504,16,38,,0,0,0
CUST00452,22,166,4,3234.2,664,22,142,,1,0,0
CUST00453,60,140,11,1607.59,1540,51,66,,1,1,0
CUST00454,61,148,2,3597.59,296,9,176,,0,0,0
CUST00455,33,171,6,2091.99,1005,33,3,,1,1,0
CUST00456,30,147,1,1424.24,52,1,10,,1,1,0
CUST00457,37,102,1,3769.89,23,0,10,1.0,1,0,1
CUST00458,31,96,10,1436.17,867,28,24,,1,1,0
CUST00459,42,34,49,1755.9,1666,55,25,,1,1,0
CUST00460,31,134,12,1399.98,1416,47,21,,1,1,0
CUST00461,32,73,12,3729.39,876,29,176,,1,0,0
CUST00462,44,124,13,1791.29,1612,53,196,,1,1,0
CUST00463,64,113,11,1073.34,1243,41,201,,0,1,0
CUST00464,38,141,14,3940.95,1944,64,1,9.0,1,0,1
CUST00465,55,118,4,3433.41,443,14,21,9.0,0,0,1
CUST00466,64,113,9,1312.08,1017,33,89,8.0,1,1,1
CUST00467,27,145,1,1216.0,72,2,1,,1,1,0
CUST00468,48,145,11,1619.28,1595,53,85,,0,1,0
CUST00469,51,67,18,1498.15,1206,40,30,13.0,1,1,1
CUST00470,63,139,7,1648.32,973,32,33,,0,1,0
CUST00471,37,75,7,3656.09,457,15,26,,1,0,0
CUST00472,25,162,11,3743.43,1603,53,6,5.0,0,0,1
CUST00473,37,142,5,4610.51,710,23,56,,1,0,0
CUST00474,38,178,8,1515.88,1424,47,105,,0,1,0
CUST00475,41,133,6,3206.17,761,25,18,,1,0,0
CUST00476,56,167,3,692.07,501,16,40,9.0,0,1,1
CUST00477,51,118,3,3021.87,272,9,26,,1,0,0
CUST00478,60,84,2,3994.14,168,5,80,10.0,1,0,1
CUST00479,22,66,6,1787.97,322,10,28,,0,1,0
CUST00480,47,80,4,2960.01,320,10,4,,1,0,0
CUST00481,29,59,25,2485.68,1475,49,44,,1,1,0
CUST00482,54,119,5,3630.71,595,19,54,34.0,1,0,1
CUST00483,48,152,8,1684.13,1142,38,29,,1,1,0
CUST00484,34,151,2,2397.69,105,3,9,,1,1,0
CUST00485,52,132,1,4195.78,39,1,15,13.0,1,0,1
CUST00486,26,60,26,1812.45,1513,50,20,3.0,0,1,1
CUST00487,31,118,3,3831.69,354,11,74,2.0,1,0,1
CUST00488,49,69,8,1869.11,449,14,5,,1,1,0
CUST00489,40,140,7,3403.61,980,32,273,52.0,0,0,1
CUST00490,50,178,7,3614.72,1221,40,15,,0,0,0
CUST00491,43,51,24,1729.73,1224,40,149,,1,1,0
CUST00492,39,37,2,1449.29,74,2,43,,1,1,0
CUST00493,56,46,16,1113.83,736,24,65,,1,1,0
CUST00494,23,174,1,1393.55,165,5,6,2.0,1,1,1
CUST00495,47,110,6,1104.83,609,20,3,,1,1,0
CUST00496,63,139,2,3525.75,278,9,56,,1,0,0
CUST00497,39,43,44,2787.82,1837,61,22,,1,0,0
CUST00498,43,56,28,3636.42,1568,52,52,,1,0,0
CUST00499,51,42,37,2847.49,1554,51,105,,0,0,0
CUST00500,60,89,14,3338.61,1246,41,72,,0,0,0
CUST00501,55,35,49,3701.64,1715,57,20,,1,0,0
CUST00502,53,55,25,1816.46,1356,45,15,8.0,1,1,1
CUST00503,55,34,42,3768.94,1428,47,43,,1,0,0
CUST00504,21,88,11,3627.89,968,32,126,,0,0,0
CUST00505,34,175,8,1052.29,1400,46,18,13.0,1,1,1
CUST00506,53,42,19,1892.24,798,26,39,,1,1,0
CUST00507,55,164,8,1061.44,1312,43,296,52.0,0,1,1
CUST00508,25,48,21,1937.83,1008,33,46,36.0,0,1,1
CUST00509,58,92,9,3751.08,828,27,62,61.0,0,0,1
CUST00510,61,110,2,2043.56,195,6,3,,0,1,0
CUST00511,31,176,7,1509.95,1144,38,26,,1,1,0
CUST00512,22,73,6,3172.49,438,14,122,,1,0,0
CUST00513,64,133,5,982.94,665,22,141,,0,1,0
CUST00514,37,100,17,1027.37,1700,56,262,,0,1,0
CUST00515,59,136,7,845.29,952,31,55,,1,1,0
CUST00516,40,170,10,3876.8,1700,56,10,,1,0,0
CUST00517,34,87,17,3926.97,1479,49,187,,1,0,0
CUST00518,52,97,19,1721.48,1843,61,11,,0,1,0
CUST00519,54,69,4,3486.78,276,9,38,20.0,0,0,1
CUST00520,45,161,6,2324.38,966,32,179,52.0,1,1,1
CUST00521,27,119,5,3460.74,595,19,287,55.0,1,0,1
CUST00522,55,53,21,3588.37,1113,37,26,,1,0,0
CUST00523,49,44,14,3480.86,616,20,1,,0,0,0
CUST00524,42,137,12,1364.68,1644,54,167,,0,1,0
CUST00525,61,144,9,3752.39,1296,43,354,65.0,0,0,1
CUST00526,63,59,8,3246.6,472,15,91,,1,0,0
CUST00527,33,175,5,1219.77,875,29,327,,1,1,0
CUST00528,33,155,1,3772.59,155,5,478,237.0,1,0,1
CUST00529,21,123,13,1300.96,1454,48,14,,1,1,0
CUST00530,56,137,2,3553.39,251,8,4,,0,0,0
CUST00531,24,122,13,1363.47,1586,52,93,,0,1,0
CUST00532,57,175,5,3495.38,815,27,15,,0,0,0
CUST00533,64,151,1,1230.68,151,5,336,,0,1,0
CUST00534,60,35,49,1243.76,1715,57,13,,1,1,0
CUST00535,33,141,11,1172.11,1551,51,74,59.0,0,1,1
CUST00536,58,135,11,1837.33,1373,45,11,,0,1,0
CUST00537,44,72,13,1568.75,857,28,5,3.0,0,1,1
CUST00538,39,64,1,1867.42,64,2,43,,1,1,0
CUST00539,21,51,6,1910.15,306,10,27,,1,1,0
CUST00540,58,40,49,1316.03,1960,65,44,,1,1,0
CUST00541,25,32,29,1852.63,928,30,82,,0,1,0
CUST00542,36,102,1,3494.35,102,3,132,10.0,1,0,1
CUST00543,44,52,27,1436.53,1404,46,22,,1,1,0
CUST00544,47,59,25,4000.95,1475,49,216,,1,0,0
CUST00545,21,54,8,3721.51,432,14,50,,1,0,0
CUST00546,54,141,1,3359.03,141,4,63,31.0,1,0,1
CUST00547,56,54,28,1695.52,1512,50,2,,1,1,0
CUST00548,24,87,9,2993.71,723,24,23,,1,0,0
CUST00549,20,156,1,1598.93,84,2,3,,1,1,0
CUST00550,59,40,33,900.16,1320,44,7,,0,1,0
CUST00551,31,114,17,1106.24,1938,64,60,,1,1,0
CUST00552,55,93,1,3733.86,93,3,76,,0,0,0
CUST00553,64,31,31,431.9,961,32,31,,1,1,0
CUST00554,42,83,3,2221.0,178,5,27,17.0,1,1,1
CUST00555,50,104,4,3833.8,416,13,56,,0,0,0
CUST00556,30,119,3,2764.59,357,11,59,26.0,1,0,1
CUST00557,29,173,9,2459.4,1557,51,150,,1,1,0
CUST00558,22,105,13,2569.64,1365,45,23,,1,1,0
CUST00559,33,106,6,3427.8,636,21,103,,0,0,0
CUST00560,35,88,6,1129.4,528,17,67,,1,1,0
CUST00561,29,56,17,2174.52,882,29,15,,0,1,0
CUST00562,48,148,13,1362.48,1924,64,20,,1,1,0
CUST00563,29,92,7,3564.42,644,21,34,,1,0,0
CUST00564,31,72,12,3986.92,864,28,47,,1,0,0
CUST00565,49,46,33,3438.6,1518,50,42,,1,0,0
CUST00566,60,65,12,3403.58,780,26,98,,1,0,0
CUST00567,20,37,46,991.04,1702,56,85,,1,1,0
CUST00568,24,105,6,1247.78,630,21,154,,1,1,0
CUST00569,39,130,2,1395.69,260,8,387,93.0,0,1,1
CUST00570,27,172,1,1004.57,172,5,120,79.0,1,1,1
CUST00571,62,48,12,1040.83,576,19,67,,1,1,0
CUST00572,31,56,3,3513.44,168,5,58,,0,0,0
CUST00573,20,84,11,2760.12,924,30,97,,1,0,0
CUST00574,39,99,8,3148.33,792,26,26,13.0,1,0,1
CUST00575,47,92,5,2277.84,460,15,121,,0,1,0
CUST00576,62,45,15,3361.81,675,22,97,,0,0,0
CUST00577,56,175,7,3311.71,1095,36,13,,1,0,0
CUST00578,56,91,18,1360.02,1638,54,99,18.0,0,1,1
CUST00579,31,147,2,3366.34,241,8,20,3.0,1,0,1
CUST00580,56,140,11,1729.95,1540,51,153,,1,1,0
CUST00581,63,102,11,1701.95,1122,37,114,,1,1,0
CUST00582,47,99,1,1343.7,31,1,20,16.0,0,1,1
CUST00583,34,108,8,1414.47,864,28,45,,1,1,0
CUST00584,25,161,6,2025.11,802,26,18,5.0,1,1,1
CUST00585,63,111,14,2895.88,1554,51,79,,1,0,0
CUST00586,39,104,1,3476.97,104,3,48,41.0,1,0,1
CUST00587,33,51,31,3554.1,1581,52,80,,1,0,0
CUST00588,21,63,2,3189.33,106,3,13,,1,0,0
CUST00589,28,71,14,1453.95,994,33,36,18.0,1,1,1
CUST00590,56,97,13,3135.33,1261,42,340,249.0,1,0,1
CUST00591,39,176,7,1754.87,1232,41,250,181.0,1,1,1
CUST00592,45,114,8,964.72,912,30,167,,1,1,0
CUST00593,48,112,12,1924.93,1344,44,223,,1,1,0
CUST00594,20,89,17,1470.68,1513,50,254,251.0,1,1,1
CUST00595,54,46,8,1320.79,283,9,7,,0,1,0
CUST00596,25,136,4,1098.12,544,18,71,65.0,1,1,1
CUST00597,56,117,7,1912.26,789,26,4,,1,1,0
CUST00598,24,100,13,3239.26,1224,40,26,,1,0,0
CUST00599,52,140,6,1033.1,840,28,264,,1,1,0
CUST00600,33,135,6,1920.59,810,27,122,,1,1,0
CUST00601,31,159,12,1138.28,1908,63,10,,1,1,0
CUST00602,61,48,15,3462.21,582,19,26,,1,0,0
CUST00603,39,69,21,1827.52,1412,47,1,,1,1,0
CUST00604,43,106,1,1563.18,106,3,63,57.0,1,1,1
CUST00605,62,134,10,2192.34,1340,44,235,118.0,1,1,1
CUST00606,53,51,20,1166.02,962,32,25,6.0,1,1,1
CUST00607,44,136,7,1415.8,933,31,12,,1,1,0
CUST00608,48,102,6,1446.73,612,20,152,,1,1,0
CUST00609,58,105,7,1748.49,735,24,65,,1,1,0
CUST00610,50,49,22,2015.45,1078,35,50,,1,1,0
CUST00611,62,68,8,1529.45,544,18,134,,1,1,0
CUST00612,42,153,11,3444.93,1455,48,4,,0,0,0
CUST00613,63,159,7,906.8,1113,37,35,,1,1,0
CUST00614,57,58,6,1544.95,348,11,42,,1,1,0
CUST00615,39,44,5,1239.88,186,6,29,,0,1,0
CUST00616,42,132,15,3747.37,1834,61,24,,0,0,0
CUST00617,64,178,1,1336.13,15,0,26,,1,1,0
CUST00618,35,105,19,1403.74,1897,63,22,,1,1,0
CUST00619,61,65,23,2915.89,1495,49,116,,0,0,0
CUST00620,27,177,3,775.42,408,13,18,5.0,0,1,1
CUST00621,40,67,12,2244.39,804,26,102,28.0,1,1,1
CUST00622,20,178,10,1551.87,1780,59,146,,1,1,0
CUST00623,27,133,3,3661.73,399,13,27,,1,0,0
CUST00624,48,169,1,1135.08,169,5,23,10.0,1,1,1
CUST00625,51,173,6,3850.21,1038,34,177,,1,0,0
CUST00626,57,34,35,3778.06,1190,39,110,,1,0,0
CUST00627,24,138,4,1179.03,500,16,27,2.0,1,1,1
CUST00628,41,108,1,1076.2,46,1,11,1.0,0,1,1
CUST00629,53,126,7,1206.99,882,29,266,,1,1,0
CUST00630,20,61,4,1488.69,244,8,3,,1,1,0
CUST00631,45,170,7,1566.84,1190,39,6,4.0,0,1,1
CUST00632,62,58,29,3515.36,1682,56,7,,0,0,0
CUST00633,29,99,8,4019.49,792,26,58,,1,0,0
CUST00634,49,98,19,3214.02,1751,58,28,,1,0,0
CUST00635,37,118,5,1065.34,590,19,123,,1,1,0
CUST00636,36,116,9,3500.04,1044,34,288,111.0,1,0,1
CUST00637,45,125,13,2822.77,1451,48,26,,1,0,0
CUST00638,27,45,7,3778.29,315,10,130,,1,0,0
CUST00639,59,128,5,1539.19,640,21,120,,1,1,0
CUST00640,31,156,10,3364.78,1430,47,26,,1,0,0
CUST00641,46,140,12,1342.58,1680,56,123,,1,1,0
CUST00642,27,113,2,1864.0,226,7,227,221.0,1,1,1
CUST00643,44,99,14,1851.26,1242,41,1,1.0,1,1,1
CUST00644,23,160,6,3401.45,960,32,9,,1,0,0
CUST00645,52,137,8,3736.71,1049,34,9,,1,0,0
CUST00646,20,33,12,1845.35,362,12,19,,0,1,0
CUST00647,38,48,31,1634.21,1459,48,13,,1,1,0
CUST00648,50,170,3,1417.81,386,12,28,2.0,1,1,1
CUST00649,35,115,13,1652.47,1495,49,25,,0,1,0
CUST00650,33,138,1,1084.37,138,4,273,,1,1,0
CUST00651,24,115,4,1528.44,460,15,138,,1,1,0
CUST00652,60,71,22,3406.75,1562,52,68,33.0,1,0,1
CUST00653,45,119,14,1344.05,1666,55,112,,1,1,0
CUST00654,47,72,1,809.39,72,2,104,,0,1,0
CUST00655,21,106,12,1088.96,1272,42,143,18.0,1,1,1
CUST00656,25,68,17,3305.64,1156,38,22,,1,0,0
CUST00657,28,41,4,3858.02,164,5,61,,1,0,0
CUST00658,52,40,1,3614.33,7,0,26,2.0,1,0,1
CUST00659,60,71,28,1875.87,1873,62,14,,1,1,0
CUST00660,44,145,2,1997.17,290,9,45,21.0,1,1,1
CUST00661,32,142,13,1631.72,1837,61,8,,1,1,0
CUST00662,28,101,12,3556.12,1172,39,27,15.0,0,0,1
CUST00663,32,81,1,3110.8,81,2,134,,1,0,0
CUST00664,50,40,28,4294.67,1077,35,7,,1,0,0
CUST00665,60,90,5,2932.86,450,15,123,,1,0,0
CUST00666,30,80,18,3547.49,1342,44,21,,1,0,0
CUST00667,23,75,26,1833.12,1950,65,4,,1,1,0
CUST00668,53,42,22,3838.7,924,30,15,,1,0,0
CUST00669,57,118,11,1037.96,1298,43,122,,1,1,0
CUST00670,23,145,1,1332.04,50,1,22,20.0,1,1,1
CUST00671,57,33,21,1180.42,664,22,14,,1,1,0
CUST00672,38,151,12,707.83,1812,60,159,,0,1,0
CUST00673,25,40,40,1552.13,1570,52,13,,1,1,0
CUST00674,53,52,9,1212.95,468,15,110,20.0,1,1,1
CUST00675,37,57,15,2102.19,855,28,142,,1,1,0
CUST00676,32,83,6,1746.07,447,14,29,,0,1,0
CUST00677,60,126,1,1516.56,126,4,141,,1,1,0
CUST00678,42,59,23,1310.92,1357,45,46,,1,1,0
CUST00679,38,121,7,1546.05,847,28,161,132.0,0,1,1
CUST00680,64,108,1,1397.65,91,3,14,,0,1,0
CUST00681,30,131,9,3527.82,998,33,22,21.0,0,0,1
CUST00682,20,93,5,4260.65,465,15,107,,1,0,0
CUST00683,43,116,1,3074.1,27,0,17,,1,0,0
CUST00684,26,103,16,3432.54,1648,54,133,,1,0,0
CUST00685,44,167,1,1782.56,167,5,120,,0,1,0
CUST00686,40,79,2,3339.94,158,5,178,,1,0,0
CUST00687,34,81,5,2132.22,405,13,104,,1,1,0
CUST00688,20,33,35,1771.38,1155,38,24,6.0,1,1,1
CUST00689,31,174,2,3212.44,89,2,4,3.0,0,0,1
CUST00690,26,30,18,1581.63,527,17,7,,1,1,0
CUST00691,34,64,30,3218.16,1920,64,46,,1,0,0
CUST00692,40,65,12,3181.34,780,26,38,,1,0,0
CUST00693,38,152,11,3443.92,1615,53,25,,1,0,0
CUST00694,48,175,9,4005.5,1386,46,28,,1,0,0
CUST00695,44,45,13,1798.18,573,19,4,,1,1,0
CUST00696,52,46,27,1490.97,1242,41,23,,1,1,0
CUST00697,51,68,16,1812.47,985,32,22,,1,1,0
CUST00698,54,95,14,1607.45,1330,44,61,33.0,1,1,1
CUST00699,63,137,5,3032.04,685,22,152,,1,0,0
CUST00700,57,119,10,3441.94,1190,39,22,4.0,1,0,1
CUST00701,45,30,54,3470.74,1620,54,33,,1,0,0
CUST00702,30,73,1,1804.68,55,1,8,6.0,1,1,1
CUST00703,54,115,14,1273.41,1610,53,342,,1,1,0
CUST00704,27,130,7,1134.93,910,30,181,,1,1,0
CUST00705,33,59,20,1481.78,1180,39,65,,1,1,0
CUST00706,29,41,4,3241.83,96,3,22,,0,0,0
CUST00707,21,123,3,1370.6,369,12,105,85.0,1,1,1
CUST00708,28,44,26,1467.65,1144,38,20,,0,1,0
CUST00709,22,31,5,1346.78,155,5,46,11.0,1,1,1
CUST00710,40,47,37,3885.27,1708,56,3,,1,0,0
CUST00711,45,164,8,4065.72,1312,43,61,,0,0,0
CUST00712,27,137,8,1845.16,1052,35,27,,1,1,0
CUST00713,21,124,16,791.52,1960,65,18,10.0,1,1,1
CUST00714,25,142,3,1243.21,386,12,2,1.0,1,1,1
CUST00715,47,122,1,1428.54,122,4,98,,1,1,0
CUST00716,48,114,7,2761.49,798,26,21,18.0,0,0,1
CUST00717,45,84,21,3149.64,1764,58,0,,0,0,0
CUST00718,44,148,1,1423.43,148,4,196,171.0,0,1,1
CUST00719,31,38,51,1320.41,1938,64,15,,1,1,0
CUST00720,24,82,21,3503.46,1722,57,9,,0,0,0
CUST00721,53,103,13,947.67,1339,44,274,128.0,0,1,1
CUST00722,56,152,3,3315.89,378,12,15,11.0,1,0,1
CUST00723,34,160,6,1560.76,960,32,158,,1,1,0
CUST00724,63,64,17,1504.08,1088,36,58,,0,1,0
CUST00725,55,35,2,1678.76,20,0,29,23.0,1,1,1
CUST00726,34,176,9,1655.43,1584,52,83,37.0,0,1,1
CUST00727,62,96,17,3337.16,1560,52,20,,1,0,0
CUST00728,42,161,6,1548.05,966,32,141,,0,1,0
CUST00729,25,114,1,1180.0,114,3,16,,1,1,0
CUST00730,63,45,10,1391.91,450,15,20,,1,1,0
CUST00731,62,106,18,1077.75,1908,63,92,,1,1,0
CUST00732,64,100,4,1926.17,400,13,123,,0,1,0
CUST00733,40,44,29,1390.6,1276,42,5,,1,1,0
CUST00734,42,51,36,3925.58,1836,61,8,,1,0,0
CUST00735,62,142,8,1624.6,1136,37,118,26.0,1,1,1
CUST00736,35,139,4,1145.74,556,18,117,,0,1,0
CUST00737,34,142,9,3600.44,1278,42,285,92.0,1,0,1
CUST00738,44,150,5,1823.89,750,25,94,58.0,0,1,1
CUST00739,55,52,3,3468.97,112,3,18,,1,0,0
CUST00740,30,88,12,1529.61,1056,35,267,116.0,1,1,1
CUST00741,34,92,4,3279.42,250,8,27,,1,0,0
CUST00742,23,140,4,3509.64,472,15,9,,1,0,0
CUST00743,40,97,18,3595.16,1746,58,18,,0,0,0
CUST00744,32,53,8,3268.47,390,13,16,,1,0,0
CUST00745,41,123,1,1068.28,26,0,20,12.0,1,1,1
CUST00746,38,147,4,4015.19,588,19,128,71.0,0,0,1
CUST00747,53,111,2,1741.65,222,7,7,,1,1,0
CUST00748,33,74,20,1280.94,1437,47,18,,1,1,0
CUST00749,23,92,6,1587.86,552,18,49,,0,1,0
CUST00750,46,140,3,908.57,315,10,25,1.0,1,1,1
CUST00751,48,176,2,709.17,352,11,63,16.0,1,1,1
CUST00752,47,80,17,1933.65,1360,45,71,,0,1,0
CUST00753,54,148,12,1591.82,1776,59,108,,1,1,0
CUST00754,27,48,29,3480.92,1392,46,22,,1,0,0
CUST00755,35,111,9,3593.06,999,33,94,,1,0,0
CUST00756,61,62,14,2790.45,818,27,19,12.0,0,1,1
CUST00757,55,57,28,1847.64,1596,53,9,,1,1,0
CUST00758,49,66,6,1081.82,396,13,25,,1,1,0
CUST00759,37,128,11,827.85,1408,46,158,,0,1,0
CUST00760,21,109,4,1921.81,436,14,131,64.0,0,1,1
CUST00761,32,67,4,1842.44,222,7,22,,1,1,0
CUST00762,23,179,1,1730.02,87,2,16,13.0,1,1,1
CUST00763,45,57,23,3174.85,1311,43,85,,1,0,0
CUST00764,44,75,17,1645.31,1157,38,8,3.0,0,1,1
CUST00765,49,114,7,1210.66,798,26,206,,1,1,0
CUST00766,30,94,20,1765.11,1880,62,102,76.0,1,1,1
CUST00767,26,163,3,1893.06,383,12,11,,0,1,0
CUST00768,50,136,1,1282.61,136,4,104,,0,1,0
CUST00769,63,125,2,3952.72,89,2,23,,1,0,0
CUST00770,29,178,2,1545.94,356,11,465,412.0,0,1,1
CUST00771,58,86,20,1696.75,1720,57,127,,1,1,0
CUST00772,32,117,5,2976.15,585,19,150,,0,0,0
CUST00773,50,144,11,3592.89,1584,52,80,75.0,1,0,1
CUST00774,26,164,11,3229.77,1723,57,18,,1,0,0
CUST00775,61,113,2,1689.85,226,7,196,43.0,0,1,1
CUST00776,61,138,13,4086.87,1731,57,25,,1,0,0
CUST00777,55,60,13,1615.81,780,26,1,,1,1,0
CUST00778,39,74,14,1139.66,1036,34,136,,0,1,0
CUST00779,23,106,9,1750.59,954,31,269,191.0,0,1,1
CUST00780,26,146,1,1660.72,10,0,28,2.0,1,1,1
CUST00781,20,174,8,2323.44,1392,46,273,,1,1,0
CUST00782,63,87,19,1601.59,1596,53,18,4.0,1,1,1
CUST00783,64,70,12,3265.81,840,28,197,,1,0,0
CUST00784,61,67,1,3808.26,67,2,39,13.0,1,0,1
CUST00785,32,163,2,3448.93,326,10,51,,1,0,0
CUST00786,41,32,54,1532.1,1728,57,20,,0,1,0
CUST00787,40,146,10,3128.61,1460,48,165,,1,0,0
CUST00788,41,175,7,1451.03,1225,40,82,,1,1,0
CUST00789,47,145,1,3512.32,44,1,1,4.0,1,0,1
CUST00790,28,155,6,1448.66,930,31,403,77.0,0,1,1
CUST00791,45,118,1,3263.65,73,2,23,,1,0,0
CUST00792,28,54,23,1615.29,1242,41,100,,1,1,0
CUST00793,34,45,31,3130.61,1395,46,51,49.0,1,0,1
CUST00794,29,71,16,3036.4,1136,37,124,,1,0,0
CUST00795,43,176,8,1783.81,1408,46,215,,1,1,0
CUST00796,61,133,13,1747.1,1729,57,115,,0,1,0
CUST00797,27,175,11,2976.96,1907,63,6,4.0,0,0,1
CUST00798,43,50,35,768.18,1750,58,134,82.0,1,1,1
CUST00799,35,151,11,3096.5,1571,52,10,,1,0,0
CUST00800,45,59,19,1448.68,1121,37,87,,0,1,0
CUST00801,46,47,2,1961.74,94,3,63,6.0,0,1,1
CUST00802,56,102,4,1438.9,408,13,187,37.0,1,1,1
CUST00803,23,44,22,1192.26,922,30,13,,1,1,0
CUST00804,43,166,6,3559.43,996,33,74,,1,0,0
CUST00805,38,161,7,1454.39,1127,37,216,74.0,1,1,1
CUST00806,55,150,5,947.6,750,25,318,142.0,0,1,1
CUST00807,58,81,4,949.97,296,9,15,,0,1,0
CUST00808,29,175,5,960.72,713,23,15,6.0,0,1,1
CUST00809,44,31,47,4491.94,1457,48,55,,1,0,0
CUST00810,37,134,3,3843.99,381,12,8,,1,0,0
CUST00811,38,96,3,1262.51,288,9,75,,0,1,0
CUST00812,55,128,3,3943.31,333,11,5,2.0,0,0,1
CUST00813,29,71,14,3272.78,994,33,64,62.0,1,0,1
CUST00814,52,41,49,1930.07,1985,66,5,1.0,0,1,1
CUST00815,24,103,7,3532.12,546,18,28,18.0,0,0,1
CUST00816,54,52,22,1236.46,1136,37,7,,1,1,0
CUST00817,63,69,17,1771.93,1173,39,122,,1,1,0
CUST00818,53,118,7,3555.01,826,27,239,,1,0,0
CUST00819,52,60,28,1659.31,1680,56,14,,1,1,0
CUST00820,40,159,5,3586.2,795,26,61,,1,0,0
CUST00821,36,42,38,3582.01,1518,50,23,,0,0,0
CUST00822,41,99,13,1820.22,1287,42,174,,1,1,0
CUST00823,56,128,13,4533.52,1440,48,5,,1,0,0
CUST00824,34,88,4,1999.52,352,11,85,,1,1,0
CUST00825,54,155,6,1587.86,930,31,11,7.0,1,1,1
CUST00826,47,134,8,3375.76,1072,35,161,,0,0,0
CUST00827,26,97,1,3419.71,63,2,3,,1,0,0
CUST00828,51,43,36,997.55,1516,50,17,,1,1,0
CUST00829,30,131,5,1765.82,655,21,149,128.0,0,1,1
CUST00830,29,78,15,3094.03,1170,39,27,,1,0,0
CUST00831,28,173,4,3351.02,692,23,307,,1,0,0
CUST00832,33,101,8,3768.14,808,26,10,,1,0,0
CUST00833,32,109,11,1405.07,1199,39,25,,1,1,0
CUST00834,44,36,21,1303.08,724,24,27,15.0,1,1,1
CUST00835,21,39,11,1021.01,429,14,53,,1,1,0
CUST00836,54,175,3,3982.13,525,17,50,36.0,1,0,1
CUST00837,26,163,6,1166.71,978,32,240,,0,1,0
CUST00838,40,110,15,1265.65,1558,51,14,7.0,1,1,1
CUST00839,37,104,16,2783.31,1664,55,155,,1,0,0
CUST00840,22,57,1,1492.06,57,1,33,,1,1,0
CUST00841,61,160,2,3366.68,320,10,285,5.0,1,0,1
CUST00842,58,83,22,3572.74,1826,60,67,,1,0,0
CUST00843,60,132,5,3030.15,565,18,20,,1,0,0
CUST00844,30,141,13,1793.67,1771,59,22,,0,1,0
CUST00845,58,88,20,764.32,1760,58,112,,1,1,0
CUST00846,43,64,29,3463.13,1856,61,10,,1,0,0
CUST00847,38,152,1,3546.2,144,4,7,3.0,1,0,1
CUST00848,23,56,13,3523.11,725,24,1,,0,0,0
CUST00849,45,116,10,1563.1,1160,38,50,23.0,1,1,1
CUST00850,57,146,3,3815.47,438,14,136,,1,0,0
CUST00851,61,92,20,4029.88,1840,61,78,,1,0,0
CUST00852,51,156,7,3437.76,886,29,17,,0,0,0
CUST00853,58,162,5,3112.86,810,27,29,,1,0,0
CUST00854,64,43,30,3724.29,1290,43,7,,0,0,0
CUST00855,55,141,7,3387.9,987,32,243,209.0,1,0,1
CUST00856,59,46,2,2005.85,42,1,28,,1,1,0
CUST00857,56,53,15,1259.21,795,26,2,,1,1,0
CUST00858,52,108,13,1156.8,1404,46,124,,1,1,0
CUST00859,55,108,3,1557.52,324,10,37,11.0,1,1,1
CUST00860,22,65,12,803.83,780,26,30,,1,1,0
CUST00861,28,37,21,1313.03,748,24,13,,0,1,0
CUST00862,27,134,13,1368.06,1596,53,2,1.0,1,1,1
CUST00863,52,125,15,1588.19,1875,62,123,,1,1,0
CUST00864,25,63,29,3101.49,1827,60,23,,1,0,0
CUST00865,60,108,14,3148.2,1512,50,203,,1,0,0
CUST00866,58,127,2,1962.77,254,8,207,10.0,1,1,1
CUST00867,23,111,11,3494.62,1148,38,29,,1,0,0
CUST00868,32,67,20,1845.85,1340,44,24,,1,1,0
CUST00869,21,43,46,1283.29,1978,65,13,,0,1,0
CUST00870,24,85,20,1478.22,1700,56,74,,0,1,0
CUST00871,63,123,1,1585.81,15,0,21,,1,1,0
CUST00872,46,51,13,4199.02,663,22,124,,1,0,0
CUST00873,51,64,25,3412.95,1600,53,105,90.0,1,0,1
CUST00874,40,109,5,1433.49,545,18,43,,1,1,0
CUST00875,27,159,5,1939.26,795,26,72,,1,1,0
CUST00876,57,123,1,1348.08,123,4,30,12.0,1,1,1
CUST00877,27,163,11,1613.85,1756,58,5,3.0,0,1,1
CUST00878,22,177,10,1904.38,1770,59,118,,1,1,0
CUST00879,63,45,43,1269.66,1909,63,9,,1,1,0
CUST00880,22,95,18,3636.18,1710,57,273,82.0,1,0,1
CUST00881,41,38,46,4198.22,1724,57,22,,1,0,0
CUST00882,25,51,6,1868.53,188,6,2,1.0,1,1,1
CUST00883,21,139,5,3613.97,678,22,1,,1,0,0
CUST00884,42,30,33,1410.27,956,31,24,,1,1,0
CUST00885,63,161,1,1258.27,76,2,11,,0,1,0
CUST00886,21,88,11,1104.73,955,31,1,,1,1,0
CUST00887,57,57,12,4103.85,629,20,28,,1,0,0
CUST00888,36,99,12,4026.19,1188,39,149,43.0,1,0,1
CUST00889,54,91,19,3237.15,1667,55,13,,1,0,0
CUST00890,53,142,1,1635.07,108,3,5,,1,1,0
CUST00891,42,68,23,3544.53,1543,51,18,,0,0,0
CUST00892,49,59,8,1973.77,472,15,11,,0,1,0
CUST00893,27,127,9,3653.12,1143,38,34,,0,0,0
CUST00894,41,175,5,1490.87,875,29,70,,1,1,0
CUST00895,63,135,3,1283.33,405,13,360,312.0,1,1,1
CUST00896,55,97,11,1636.35,1067,35,15,,1,1,0
CUST00897,24,78,3,3360.73,234,7,138,,1,0,0
CUST00898,32,105,18,1588.27,1835,61,10,,0,1,0
CUST00899,48,157,11,3469.61,1727,57,96,,1,0,0
CUST00900,50,112,9,1351.0,1008,33,208,,1,1,0
CUST00901,35,92,19,3110.9,1748,58,158,112.0,1,0,1
CUST00902,61,155,5,3705.68,775,25,400,,1,0,0
CUST00903,49,71,13,3517.03,923,30,69,,1,0,0
CUST00904,35,46,11,2214.97,506,16,26,1.0,1,1,1
CUST00905,31,67,12,1087.06,804,26,81,,1,1,0
CUST00906,36,139,6,1750.12,834,27,74,,0,1,0
CUST00907,35,51,13,3466.94,663,22,57,,0,0,0
CUST00908,31,86,4,2339.9,290,9,12,,1,1,0
CUST00909,27,64,1,1719.59,64,2,36,3.0,1,1,1
CUST00910,39,50,3,1629.88,150,5,73,,1,1,0
CUST00911,22,45,34,1467.96,1520,50,8,2.0,1,1,1
CUST00912,35,55,28,3218.75,1540,51,68,,1,0,0
CUST00913,49,109,17,1624.56,1853,61,46,38.0,1,1,1
CUST00914,64,52,26,2947.08,1352,45,41,,1,0,0
CUST00915,42,164,7,965.49,1148,38,198,33.0,1,1,1
CUST00916,47,108,9,1904.98,972,32,122,,1,1,0
CUST00917,59,75,19,795.15,1279,42,2,,1,1,0
CUST00918,24,39,24,1372.17,936,31,64,,0,1,0
CUST00919,39,154,5,1080.35,555,18,22,3.0,0,1,1
CUST00920,59,61,17,3339.01,1037,34,21,,1,0,0
CUST00921,63,134,3,1573.82,402,13,265,208.0,0,1,1
CUST00922,20,87,4,3893.82,348,11,48,2.0,1,0,1
CUST00923,49,175,6,1987.05,1050,35,115,,0,1,0
CUST00924,40,52,4,1132.42,208,6,39,,0,1,0
CUST00925,39,164,2,3313.62,328,10,16,,1,0,0
CUST00926,25,84,4,3121.02,225,7,27,,1,1,0
CUST00927,41,98,14,1399.99,1372,45,18,,1,1,0
CUST00928,37,126,7,1147.12,882,29,79,,1,1,0
CUST00929,27,109,17,1213.68,1853,61,39,20.0,1,1,1
CUST00930,58,107,11,3402.34,1177,39,33,15.0,1,0,1
CUST00931,51,64,7,1342.91,448,14,116,,1,1,0
CUST00932,52,63,12,3406.25,756,25,9,,0,0,0
CUST00933,35,126,5,3491.43,630,21,89,,0,0,0
CUST00934,31,111,8,1488.64,802,26,11,,1,1,0
CUST00935,57,164,10,3117.81,1640,54,1,8.0,1,0,1
CUST00936,53,35,2,1647.73,38,1,7,,1,1,0
CUST00937,33,39,2,3548.42,78,2,23,15.0,1,0,1
CUST00938,55,178,2,1698.63,356,11,238,100.0,0,1,1
CUST00939,52,155,1,2814.22,51,1,19,10.0,1,0,1
CUST00940,42,80,9,1562.74,720,24,196,,1,1,0
CUST00941,64,85,22,705.76,1870,62,15,14.0,1,1,1
CUST00942,21,91,22,3429.77,1755,58,27,,1,0,0
CUST00943,60,57,13,3763.17,741,24,58,,1,0,0
CUST00944,40,159,9,1918.31,1431,47,361,,0,1,0
CUST00945,21,156,3,1633.78,248,8,22,,1,1,0
CUST00946,46,103,1,3770.16,28,0,25,18.0,1,0,1
CUST00947,28,130,10,3380.4,1300,43,127,,1,0,0
CUST00948,20,70,12,3296.33,840,28,72,,0,0,0
CUST00949,30,117,12,4577.1,1404,46,155,113.0,0,0,1
CUST00950,22,174,6,3830.86,1044,34,185,,1,0,0
CUST00951,42,86,12,3030.81,1032,34,73,,1,0,0
CUST00952,45,91,17,806.13,1547,51,47,8.0,1,1,1
CUST00953,23,166,1,1313.97,166,5,284,88.0,1,1,1
CUST00954,37,79,9,3976.75,711,23,63,,0,0,0
CUST00955,25,141,10,3519.5,1289,42,21,5.0,1,0,1
CUST00956,54,178,7,610.39,1246,41,10,,1,1,0
CUST00957,41,175,5,1429.08,875,29,55,,1,1,0
CUST00958,62,138,13,3499.04,1752,58,17,,1,0,0
CUST00959,34,47,23,533.73,1081,36,48,27.0,1,1,1
CUST00960,41,74,27,1509.67,1913,63,18,,0,1,0
CUST00961,56,46,29,1094.65,1286,42,4,,1,1,0
CUST00962,61,111,2,765.78,222,7,156,44.0,1,1,1
CUST00963,31,177,8,2141.8,1198,39,12,4.0,1,1,1
CUST00964,61,38,6,1076.96,186,6,13,2.0,1,1,1
CUST00965,57,108,13,1233.09,1404,46,255,,1,1,0
CUST00966,37,48,18,3227.77,864,28,21,,1,0,0
CUST00967,64,119,4,1500.9,476,15,103,12.0,0,1,1
CUST00968,54,121,6,4206.52,684,22,17,2.0,1,0,1
CUST00969,49,111,6,3021.53,666,22,151,,1,0,0
CUST00970,43,71,7,1377.28,468,15,19,10.0,1,1,1
CUST00971,61,46,17,3548.34,782,26,46,,1,0,0
CUST00972,49,92,10,1152.48,920,30,171,114.0,0,1,1
CUST00973,33,160,4,3370.85,581,19,3,1.0,0,0,1
CUST00974,25,81,18,1737.8,1458,48,25,,1,1,0
CUST00975,22,129,10,3197.72,1290,43,68,,1,0,0
CUST00976,35,75,1,3364.54,75,2,6,,1,0,0
CUST00977,26,129,8,1327.46,1032,34,3,,1,1,0
CUST00978,33,91,9,1458.48,819,27,47,,1,1,0
CUST00979,28,158,9,3597.26,1422,47,27,,1,0,0
CUST00980,34,173,9,3734.62,1557,51,270,226.0,1,0,1
CUST00981,40,121,10,2275.02,1210,40,121,,1,1,0
CUST00982,54,100,21,2436.61,1925,64,9,,0,0,0
CUST00983,21,107,15,1433.04,1605,53,161,35.0,1,1,1
CUST00984,46,55,10,2954.23,523,17,25,1.0,1,0,1
CUST00985,21,74,18,1345.85,1332,44,95,,0,1,0
CUST00986,54,97,4,3852.35,388,12,106,,1,0,0
CUST00987,37,31,10,1979.12,310,10,40,,1,1,0
CUST00988,33,169,2,1997.89,338,11,563,238.0,1,1,1
CUST00989,39,73,21,1994.12,1393,46,2,1.0,1,1,1
CUST00990,37,55,29,1430.43,1595,53,7,,0,1,0
CUST00991,29,178,8,2059.41,1424,47,14,4.0,0,1,1
CUST00992,44,77,20,2138.74,1540,51,114,,1,1,0
CUST00993,21,153,1,3555.52,153,5,4,,1,0,0
CUST00994,44,75,17,1970.89,1275,42,37,,1,1,0
CUST00995,52,160,6,1516.49,689,22,4,,1,1,0
CUST00996,55,107,15,2064.09,1605,53,103,,1,1,0
CUST00997,50,45,31,1435.33,1395,46,4,,0,1,0
CUST00998,33,163,6,1256.19,978,32,85,69.0,1,1,1
CUST00999,20,129,1,1052.0,15,0,27,24.0,0,1,1
CUST01000,35,146,1,1430.55,124,4,19,1.0,1,1,1
